0,1,2,3,4,5,6,7,8,9,10,11,12,13,14,15
-0.34348622,0.21408375,0.28618342,-0.3644581,0.06549204,-0.3473685,-0.37378865,-0.0013869876,-0.47431028,-0.29422474,0.020167392,0.19245681,0.17393255,-0.30660132,0.059685003,0.25336745
0.35252717,0.3725536,0.4413575,0.3458773,-0.4111195,0.27628872,0.46918178,-0.20787369,0.27173147,-0.34318197,0.31780174,0.2956381,0.15949371,-0.024278913,0.17815214,-0.11524541
-0.28774095,0.24361505,0.43710816,0.25508144,-0.054333653,-0.3587191,0.25114858,-0.09659991,0.45049146,-0.17015715,0.35703492,-0.4263159,-0.2367635,-0.28051215,0.24235445,-0.21804383
-0.26620075,-0.26623455,-0.36133054,-0.20165187,0.30304906,-0.21681638,-0.16911933,0.38715112,0.09556207,0.40186962,0.35466695,-0.064566866,0.35770732,0.24175005,-0.15915652,-0.25860798
-0.3779121,-0.18639605,-0.382274,-0.2643528,0.12033394,-0.32533127,-0.25908157,0.40298748,0.41667596,0.5362761,0.36717543,0.091368236,0.12980351,0.36669096,-0.09325371,-0.3086023
-0.46962377,-0.3187656,-0.40701678,-0.119117565,-0.18496543,0.23622125,0.34224716,-0.39926827,0.32811713,0.20745789,-0.058375735,-0.2581084,-0.008781833,-0.1872978,-0.17612681,-0.26165634
0.305066,-0.24792129,0.354899,0.26028067,-0.18726248,-0.2685083,-0.18933327,-0.21971928,-0.37828842,-0.21947777,0.3703225,-0.44123882,-0.22184336,0.33605254,-0.34086588,-0.3286726
-0.21578941,-0.112793714,0.1603382,-0.048566777,0.42410684,-0.10782228,-0.4251617,0.49704316,0.060776856,-0.4390929,0.2885425,-0.3345948,-0.13305151,-0.14331828,0.4234705,-0.40543196
0.3521143,0.008463291,-0.2509726,-0.28071398,0.1628128,0.14356972,-0.13398068,0.36247128,0.38953176,-0.29471466,-0.45439443,-0.25572553,-0.4575918,0.10888823,-0.23689671,0.17182122
0.12308556,0.49874684,-0.12385796,-0.014746149,-0.49968624,0.36518526,0.108268455,0.2547341,-0.1705955,0.4033984,0.0857589,-0.08651304,0.28676528,-0.4065027,0.29788572,0.43449786
-0.21528812,0.22984843,0.42408764,0.016797725,0.20193891,0.20513333,-0.33150685,0.3220404,0.4215939,-0.36007833,0.14437321,0.2219577,0.020978643,0.17507046,0.2796639,-0.41709518
-0.1873604,0.274531,-0.16257317,-0.2038429,-0.11788018,-0.069781244,-0.085325144,0.14222506,-0.51038,0.30633914,-0.45235172,0.44236144,-0.1758308,0.32772338,0.37934184,0.3666377
-0.39790472,-0.4262907,0.41053474,-0.378063,0.20443955,-0.38283888,-0.04190351,-0.35664117,-0.33072656,-0.0052022827,0.28517285,-0.13380256,-0.22517425,-0.38782004,0.3202566,0.45205283
0.22579522,-0.17855212,0.4553753,0.37451568,-0.39087117,0.38464633,-0.03788767,-0.32503915,-0.41026208,-0.25092253,0.25641045,-0.28622234,-0.026849475,0.13368164,0.3517953,0.2842637
-0.32451653,-0.2544262,-0.48679653,0.26294437,-0.28858563,-0.14842255,0.17317072,0.38991332,0.14841442,0.5663915,0.12098848,0.18998963,-0.2853811,0.043790277,0.25993854,-0.20051146
0.13996421,-0.17275095,0.28923258,0.0626127,-0.3950754,-0.25701094,0.07913514,0.32580322,-0.32324737,-0.12620932,0.47654346,-0.4296107,0.45740458,0.30521053,-0.33772394,0.37380567
-0.14655004,0.19098799,0.044865444,-0.39260486,0.23766193,0.39354402,-0.4409241,-0.17316434,-0.28963578,0.11929826,0.4391806,-0.22203805,0.27282348,0.17606096,-0.35104868,0.255117
-0.3251053,0.22616927,0.41371912,0.22188324,-0.04712647,-0.35865352,0.26290593,-0.08677385,0.49293938,-0.18770452,0.37364322,-0.33606642,-0.25289428,-0.24219808,0.2593062,-0.19853222
0.33853307,0.37371075,0.4532078,0.3691197,-0.4176701,0.24020678,0.46953943,-0.21859059,0.27745897,-0.33132425,0.30072376,0.29895833,0.06430692,-0.033376202,0.13621,-0.17415747
-0.2291177,0.29044595,-0.36381134,0.05422822,0.42457342,-0.30664435,-0.185012,-0.015346249,0.17647754,-0.3983008,-0.3374121,0.33497414,0.11410664,-0.3972855,-0.35570666,0.2978992
-0.165484,0.3785814,-0.28064418,-0.20660526,0.33701766,-0.39467925,-0.1177126,0.08354622,0.09557976,-0.17340557,-0.3908439,0.35290003,-0.40396842,-0.38879097,-0.42872414,0.3929451
-0.015214103,-0.21667314,0.0839799,-0.13922402,-0.15519834,-0.43942493,-0.0047285394,0.5154287,0.386575,-0.06591816,-0.033642426,0.46301284,0.42635363,0.13801387,0.47833034,0.20785102
0.18838836,-0.09228338,0.45163745,0.029341508,-0.31266153,-0.14562428,0.2853007,-0.29220003,-0.38475388,0.26824394,0.501442,-0.2753142,0.1790535,-0.03582708,-0.014254491,-0.3188276
0.39221343,-0.2874393,-0.28718132,-0.38767782,-0.2890613,0.43309313,-0.118350245,0.11163916,0.2248481,0.25646067,0.29895917,-0.029821914,-0.15818213,0.3959908,0.04095039,0.30001104
0.4268725,-0.24425082,0.35036862,0.2989607,0.01831411,0.20963179,-0.32923022,-0.12620436,0.08305578,0.37408143,0.27557036,0.35760248,-0.19371568,0.37749416,0.12148875,0.31141675
-0.04772813,0.21111412,-0.2563721,0.56958306,-0.04399712,-0.17313655,-0.31365278,0.41859898,0.22899498,0.12976454,-0.42367962,0.2597707,0.17900759,0.38042676,-0.34468397,0.32158688
-0.32393926,0.3270707,0.026081622,0.13466749,0.04459961,0.4059178,0.26802784,-0.051938906,-0.27044877,-0.29532668,0.33446628,0.33216226,-0.3657109,-0.3048103,-0.31749046,-0.27107763
0.41528893,0.031537414,0.41108844,-0.42822915,-0.17296892,-0.13711737,0.31839782,0.06751364,0.47387204,-0.16673669,-0.37483606,-0.21163742,0.035052095,0.44629815,0.28184238,0.082918204
0.13929795,0.06237557,-0.4310189,-0.025479177,0.06016142,-0.3119846,-0.209351,0.36119464,0.3996621,0.52306163,0.30033436,0.23359454,-0.30910605,-0.25569895,0.30247182,-0.14548442
0.027366566,0.46092713,-0.017636463,-0.0060876207,-0.45764357,0.34593797,0.034886718,0.19204275,-0.122018404,0.36905193,0.053233065,-0.051713903,0.24120976,-0.3482855,0.29412398,0.40816727
0.40049163,0.42489642,0.4066197,0.13861771,-0.4955053,0.2914589,0.31346452,-0.20123589,0.028515596,0.1970179,-0.29528886,0.081712715,0.28731933,-0.21045005,0.1809435,0.026161594
0.051457334,-0.25931233,-0.5200196,-0.2257544,-0.36823907,-0.30369306,0.040108804,0.51643354,0.41991538,0.5503573,0.26606947,-0.0979431,-0.4621532,-0.23265399,0.29983824,-0.30093622
0.14166151,0.20394373,-0.28475928,-0.3423534,0.25875333,0.1443874,0.4184314,0.19388838,-0.3035104,-0.058182724,-0.3030746,0.3578758,0.1613288,0.37511992,0.41255888,-0.27261913
-0.18473735,0.2434344,-0.22104782,0.12548846,0.4107625,-0.023723468,0.28986225,0.41471547,-0.35985795,0.22611412,0.16087878,-0.11686529,0.48701808,-0.28180426,-0.26660526,-0.36576992
-0.2407746,-0.23205365,-0.3123722,-0.10699685,0.23597114,-0.15065931,0.25758094,0.41230685,-0.35907394,-0.115744025,0.37929016,-0.4300365,0.4062795,-0.15703744,-0.02096179,-0.2434291
0.3994451,-0.09300887,-0.369999,-0.34882975,-0.21698152,0.43287393,-0.17015399,-0.005489392,0.21521443,-0.23938449,-0.3626365,-0.3107783,-0.33793584,-0.46752825,0.28072056,-0.49574795
0.18620434,-0.09299116,0.3373808,-0.42846748,0.4511519,0.34232852,0.07899857,-0.37578303,0.098720506,-0.2617374,0.42198926,-0.23939505,0.23233177,-0.15448442,-0.24757293,0.36516598
0.27513516,-0.2933909,-0.045484852,0.0015475157,-0.27199495,-0.23291036,0.36881527,0.46179187,-0.12719782,-0.38781035,-0.30746996,-0.22965246,0.0009542248,-0.16145994,0.38540992,0.34399015
0.4176812,-0.19540119,-0.22699465,-0.2651708,-0.16169481,0.3493213,-0.30616108,-0.29947418,0.11760981,-0.1892132,-0.2951557,-0.41125217,-0.10226155,-0.42877886,-0.19129626,-0.27991077
-0.3724408,-0.27589712,0.47339162,-0.14265317,0.16347237,0.3428403,-0.20861861,0.058765627,0.47471538,-0.13651215,-0.07107955,-0.37539488,0.24773678,0.22834715,0.31586584,-0.29626924
0.3218722,-0.12429311,-0.38614142,-0.32599628,-0.14218101,0.41400403,-0.13416086,0.027328815,0.19663677,-0.21438438,-0.21891685,-0.28164956,-0.31553662,-0.40612096,0.29569054,-0.3973641
-0.4282621,0.23911831,-0.26204252,0.19874594,0.22660495,0.29013655,0.2687643,0.40577874,0.36859205,-0.26386917,0.17618601,0.36847946,0.36228028,0.3844325,0.35592782,0.20570432
0.0018658385,0.20173748,0.38911408,-0.34176973,-0.13815095,0.048678502,-0.07532593,0.3326912,0.44291684,0.059451528,-0.411292,-0.26634714,-0.30488425,-0.0020929903,-0.26351318,0.46550152
-0.12429995,0.37293547,-0.28881124,-0.1693055,0.33243912,-0.39314333,-0.14477694,0.076791205,0.15538971,-0.17420965,-0.3757432,0.32753035,-0.37752926,-0.40976208,-0.41306928,0.37702948
0.25178695,0.108881384,-0.16093215,-0.46187592,0.34300086,-0.3599162,-0.3667731,0.04014712,-0.45135447,0.29846203,-0.0057995166,-0.23317811,-0.42433906,-0.327744,0.19392352,0.4695683
0.097657,-0.31711885,0.05314076,0.31353158,-0.2837853,-0.4210922,-0.298401,0.12680946,-0.36671612,0.35903618,-0.2713942,0.05433942,-0.38630024,-0.3799289,-0.34495315,0.07566727
-0.52302474,-0.37183812,-0.37246695,0.19461907,-0.16775428,-0.1997942,0.35146812,-0.50241345,0.31095913,-0.27229434,-0.35101286,0.095265865,-0.014235548,-0.28723702,-0.23015675,0.054274067
-0.32523888,0.29060924,0.40647864,-0.15799958,0.24756688,0.22316027,0.02403688,-0.3586247,-0.21710083,-0.36114407,-0.3123171,0.45265996,0.04810206,-0.30159956,0.03387219,0.34468976
-0.01600809,-0.31879994,-0.2676828,0.21785745,-0.27028248,-0.20888178,-0.18650542,0.07293365,0.025807703,-0.025780363,0.43681544,-0.4211136,0.45126468,-0.32496852,-0.39473808,0.3186032
-0.40307832,-0.3446423,0.23477207,-0.38713765,0.31046537,-0.20742838,-0.26262596,-0.26565632,0.079854034,-0.32383272,0.21185933,0.3699453,0.17408383,-0.1644189,-0.024606647,0.36420223
0.21455342,-0.112160325,0.44424778,0.03319473,-0.2531987,-0.15497157,0.3384402,-0.28718954,-0.36681402,0.30076125,0.51543754,-0.20840809,0.18146358,-0.04524797,-0.012177648,-0.3187241
0.52882355,0.09287298,-0.33830127,-0.42820236,0.3048785,-0.18172374,-0.3521354,-0.034596596,-0.37352964,0.32681626,-0.08065013,-0.37510303,-0.49194872,-0.33348122,0.07681855,0.23947768
-0.3020823,0.2896267,-0.39364293,0.13335986,-0.2574049,-0.31905672,-0.22438914,-0.40322405,0.19604011,0.21529873,0.4432048,-0.082339995,0.44497624,-0.005674522,-0.13688359,0.33233356
0.18490018,-0.42521235,0.25806814,0.17805454,0.36801454,0.17856012,-0.05679009,0.42716715,-0.26478457,0.24611065,0.29429692,-0.137957,0.54692996,-0.29392317,0.40967113,-0.44068894
0.36835968,0.42918044,0.39946136,0.1319724,-0.5021783,0.3117045,0.29813102,-0.1578148,-0.016155517,0.21813811,-0.28272897,0.09035305,0.27245533,-0.2191228,0.1898989,0.043159973
-0.0038658762,0.4006852,0.39816588,-0.10841586,-0.46984172,0.47629952,0.2808622,-0.2690315,0.2895478,0.2523206,0.1639532,0.33463085,0.2684119,-0.29459488,-0.047845837,0.30587894
0.3029202,-0.29021034,0.3290043,0.23067631,-0.12877393,-0.23821044,-0.1457327,-0.25119406,-0.3178714,-0.22832355,0.29358703,-0.43073106,-0.24230137,0.31592822,-0.30845255,-0.32959592
-0.4004234,-0.25237617,-0.4264457,-0.24941793,0.055965345,-0.21710351,0.44314486,-0.30957672,0.028608572,0.26772887,-0.37610358,-0.34870693,0.13557528,-0.42876267,0.19849408,-0.15550575
0.21587583,-0.33316308,-0.16649538,-0.13361551,-0.35266602,-0.32256553,-0.40143573,-0.31898153,0.16814695,-0.38957763,-0.2366475,0.4317223,0.26585358,0.46215957,0.05277083,-0.2983375
0.28438127,0.21292883,-0.18549159,-0.23282611,-0.24066977,-0.36961597,-0.41106454,-0.3163822,-0.22206622,-0.40408334,-0.25120866,0.3889353,-0.16773653,-0.09971437,0.34531653,-0.27172628
-0.30653793,0.36238927,0.043781195,0.3416369,0.4370811,0.074156605,0.27367043,0.3736808,0.3457669,-0.095184825,-0.4232421,0.28560215,0.15006614,-0.17971994,0.50706804,-0.19064012
0.2535875,-0.334167,0.2590593,0.3385945,-0.27796653,-0.32018453,-0.33745372,0.29259196,0.42655426,-0.31271347,0.109703146,-0.39080688,0.0147578735,0.14168268,0.44995946,-0.27540928
0.14433016,-0.21620321,0.14550857,0.3167648,0.09523108,-0.31320742,0.21478748,-0.3895623,-0.46419242,-0.29999962,0.330863,0.31679797,-0.04165157,-0.5109966,0.3781099,0.41072255
0.18499984,-0.31813982,-0.24713118,-0.21129812,0.34515426,0.2427222,0.3927689,0.27312422,-0.18758084,0.24659455,-0.106485225,-0.36151505,0.42650616,-0.3254927,0.027813602,-0.43981534
0.25617307,0.21186793,-0.19710216,-0.22121315,-0.20020068,-0.40182924,-0.4193911,-0.30716255,-0.24493709,-0.42612398,-0.2317019,0.36596772,-0.12983361,-0.12190472,0.30631387,-0.30811134
-0.1513535,0.40333587,-0.42175314,0.43265486,-0.29625323,-0.3914022,-0.05336753,0.4398254,-0.39526153,0.14025262,-0.27576146,0.28630516,-0.13245212,-0.12184076,-0.3300047,0.40948045
0.46886128,0.11731964,-0.35866806,-0.34791443,0.067680396,0.43200427,-0.0571686,-0.34167978,-0.04672023,0.19237767,-0.29654628,-0.38985,-0.44233772,-0.53510046,-0.21069232,-0.005031504
-0.33576587,-0.3140239,0.22236322,0.15950297,0.20953505,-0.3100953,-0.27542326,-0.33708027,-0.36693403,-0.076038934,-0.25463346,0.30705187,-0.21641745,-0.34775698,0.34459925,0.3461667
-0.054333463,0.42179665,-0.13931096,-0.33132687,0.4112937,0.20669647,0.22357376,-0.32299775,-0.39746752,0.18344411,-0.23073769,0.19269003,-0.015070347,0.37043566,-0.28693196,0.07185721
0.45856664,-0.27635884,0.2813872,-0.37009534,0.28249398,0.24034734,-0.39541256,-0.26887947,-0.2010704,-0.14224876,-0.16936097,-0.42817685,-0.41386628,-0.48565465,-0.20897685,-0.28559566
-0.2693162,-0.11792961,-0.26173848,0.37312242,0.24613851,-0.3400546,0.2806837,0.5389777,-0.2720957,-0.3500211,-0.12642016,0.13041928,0.29286098,0.12082073,0.453498,-0.007210088
0.14429966,0.46583754,0.14698862,0.4684864,-0.30427468,-0.110777386,-0.19419387,0.32207555,0.14387183,0.10260274,-0.2932698,0.38808745,0.23808423,0.42227805,-0.34909028,-0.29350618
0.29280174,0.27184477,0.3733424,-0.37171474,0.2336531,-0.3712191,0.3221568,0.4142888,0.48791647,0.080800116,-0.23183404,0.32629144,0.122487806,0.1784917,-0.37437218,0.46407703
-0.4042505,0.169342,0.09441398,0.41443005,-0.23092027,0.13069487,-0.11561408,0.29971513,0.09259987,0.3887067,0.32381493,-0.47175378,0.46424264,0.0096815955,-0.36452144,0.42304322
-0.3062232,0.290549,-0.3935353,0.13654228,-0.25856245,-0.31628174,-0.2250772,-0.40391895,0.19418892,0.20236973,0.4380027,-0.08654612,0.4313656,-0.0077666356,-0.12809677,0.33984002
-0.0037192102,-0.12855496,0.16258854,0.20464636,0.112059996,-0.30953753,0.18356922,-0.37863517,-0.45163122,-0.31407952,0.27077448,0.34186655,-0.04186797,-0.46960968,0.3846703,0.39041674
0.20140675,-0.28124854,-0.17335398,-0.142654,-0.3595685,-0.33949253,-0.37240162,-0.30675548,0.11460617,-0.36456695,-0.21053337,0.4331811,0.2615395,0.44939464,0.066034034,-0.2946589
-0.21651483,0.31832725,-0.09370887,0.34130812,0.11234866,-0.33188534,-0.35864428,-0.08023141,-0.28840685,0.37279996,-0.40080053,0.2277951,-0.17706321,0.43385115,-0.3016598,0.006633061
-0.19562425,0.2617135,0.06833085,-0.36182794,-0.27350518,-0.33392236,0.072871044,-0.22735651,0.3337978,-0.33860683,0.3529238,0.5868212,0.13694327,0.32136643,0.1328396,-0.4151348
0.25868168,-0.32071838,0.25635868,0.39772066,-0.24258132,-0.28821725,-0.3318961,0.34530497,0.42955083,-0.3112331,0.07994266,-0.3964169,0.048871588,0.24943642,0.45617634,-0.16807538
0.07327606,-0.072376795,-0.088855356,0.40399516,-0.26006702,-0.39867258,-0.37491658,0.2358775,-0.22295718,0.3653052,-0.3850942,0.25462735,-0.30980912,-0.2815427,-0.34164998,0.12539811
0.37414116,-0.18893223,0.1918123,0.29360545,-0.27491388,-0.43772525,-0.37552953,-0.35236466,-0.37264416,-0.3584149,-0.23195177,0.40074554,0.2644516,0.14219195,0.29184577,-0.047761124
-0.22925293,-0.25496933,-0.29273975,-0.0663177,0.29188502,-0.11077511,0.24451001,0.43516943,-0.34646323,0.004884203,0.3919856,-0.36557427,0.40106604,-0.21691862,0.015486411,-0.28529462
-0.15950152,0.36445606,0.27107412,0.12474372,-0.029961383,-0.40691873,-0.48993674,0.39227954,0.23263222,0.43837488,-0.33240208,0.42734212,0.020657834,-0.06417159,-0.48169047,-0.13575485
-0.19628659,-0.25421616,-0.3704591,-0.36571294,0.22024092,0.29932472,0.22481996,-0.43030944,0.4032263,-0.4757448,-0.16771507,-0.09069318,-0.12405791,0.14077993,-0.30909243,-0.15799038
0.40855792,-0.36886474,-0.04128868,-0.17587215,-0.3157792,-0.44805467,0.011735861,-0.040199853,-0.33986428,0.012493123,0.34884816,0.29906988,0.09716196,-0.30449057,-0.38590306,0.18530057
0.4405586,-0.25346616,0.18576765,-0.40257865,0.26819715,0.23691502,-0.37825608,-0.26073936,-0.20786552,-0.154854,-0.1855569,-0.40170065,-0.40632358,-0.51374656,-0.13932227,-0.26535887
-0.050807167,-0.04855033,0.39930403,-0.35922638,-0.19235754,0.095105074,-0.25786445,0.1031018,0.3488849,-0.2830853,-0.37829947,0.03766447,-0.36787438,0.3132098,-0.34660473,0.20564656
0.2336202,-0.0383114,0.16029197,0.50791806,0.17784145,0.35094234,-0.357689,-0.118478596,-0.3329235,0.042881705,-0.35147086,0.27417403,0.26827866,0.50475156,0.11032917,-0.22247733
-0.46542567,-0.06893163,0.053283863,-0.2742409,0.099062964,-0.38871464,-0.31437021,-0.4411942,0.19988206,-0.06391965,0.33283576,0.3116963,0.19759803,-0.39709023,0.37184516,0.33050466
0.49595731,0.12994742,-0.39244753,-0.35993645,0.09057487,0.4464891,-0.05830377,-0.36503115,-0.023620198,0.20937073,-0.3314596,-0.41561595,-0.47429428,-0.57037294,-0.2424966,-0.0024861984
0.038600624,0.46517476,-0.31329018,0.2683061,-0.21378627,0.3214373,-0.41186562,0.30695364,-0.27224505,0.29725158,-0.16715154,0.30685973,-0.24425724,0.36076143,-0.47043782,0.34299618
0.44819736,0.40812516,-0.14655347,0.36929452,-0.46979386,0.41757235,0.3693862,-0.08912423,-0.21959972,-0.40806612,-0.23914285,-0.36178184,-0.2390112,0.23688574,0.22599755,0.042616755
-0.24589413,0.26778686,0.30853033,-0.3264377,0.45220897,-0.28341466,0.019850139,0.4474953,0.42073226,-0.42155468,-0.42816123,-0.26259494,-0.16496654,0.3193672,0.28547722,-0.015045196
0.28977385,-0.28625298,0.07123973,-0.30649152,0.20940416,0.1946226,0.24056034,0.3940643,0.45997152,0.026342638,-0.42160305,-0.036296774,-0.22570197,-0.024576638,-0.23725925,0.3476866
-0.3430345,0.36192256,0.10386962,0.35600185,-0.3194064,0.42305833,0.37468314,-0.33576143,-0.08757372,-0.19365418,0.3553427,0.3457028,-0.34488526,-0.27627927,-0.3310808,-0.042185172
0.26936427,-0.2649306,0.17977057,-0.30008087,0.26630506,-0.09721352,0.29393032,0.4366914,0.07612323,-0.1547538,-0.46684095,-0.3333482,-0.40977746,-0.095247194,-0.29913798,0.20217854
-0.1933645,0.2943505,-0.14904988,0.03357905,-0.27289122,-0.29671887,-0.28265965,0.32145455,-0.3916069,0.35116276,-0.4071473,0.34280092,-0.13621204,0.2944943,-0.0017502033,0.33350518
0.095904306,0.44412097,-0.36145687,0.23404641,-0.20741208,0.35101542,-0.3524506,0.3131558,-0.29197675,0.3892448,-0.19987112,0.27392572,-0.20263736,0.36422628,-0.45083258,0.34439072
0.121642105,-0.016059265,0.4316208,0.20808476,-0.13584591,-0.26348963,-0.19637643,-0.26705068,-0.35043642,0.36683053,0.27298185,-0.41482565,-0.31058672,-0.19798592,-0.30407217,-0.2931009
-0.2998949,0.29180014,-0.39396223,0.13835466,-0.26727024,-0.31745294,-0.2258715,-0.4074885,0.19836822,0.20352386,0.43863794,-0.08698299,0.4386594,0.00112705,-0.13073318,0.34706527
-0.17340761,-0.35890305,-0.37760434,-0.19617312,0.32763955,-0.2575171,0.29932752,-0.48513418,-0.05621675,-0.36355934,-0.026777511,-0.35143265,-0.267566,0.30492303,0.15982619,-0.36954236
-0.31450248,-0.19021627,-0.41417634,0.30649102,-0.33272186,-0.07444838,0.24227144,0.30683962,0.38873369,0.33878317,0.08054896,-0.12893993,-0.3619896,0.14361604,0.28084248,0.15665542
-0.28076023,0.4639123,0.11910472,0.3162672,-0.17845099,-0.33025926,-0.06702379,0.26341462,-0.28465313,0.34270754,-0.28850126,-0.09277934,-0.25649667,0.3523019,-0.25005654,-0.019106926
-0.25505862,-0.19139263,-0.48794731,-0.2649451,-0.3858775,0.09857939,-0.1564153,0.19960527,0.4929046,0.54539615,0.0389951,0.42703107,-0.40888256,-0.28507355,0.14207186,-0.42131183
0.2510951,0.38044336,0.32465115,0.13189167,-0.46155062,0.4009823,0.4260748,-0.11133381,0.35879847,-0.025301136,0.33305302,-0.20510896,0.3554677,0.25477153,-0.07438301,0.3781407
0.07409113,-0.3036375,-0.24469201,0.30712458,-0.2830777,-0.4127533,-0.154679,-0.24430263,-0.1522852,-0.1250939,0.19631976,-0.42722785,0.44719756,0.06629831,-0.35322192,0.19159733
-0.18452738,-0.3023887,0.29099295,0.099386506,0.1977983,0.20605949,-0.010764609,0.4669561,0.38020664,-0.41081548,-0.16361395,-0.09971615,-0.29235855,0.32128665,-0.33487654,0.33906937
-0.43557695,-0.49157846,-0.31221852,-0.17254134,-0.16178888,0.17922242,0.13622947,-0.43272495,-0.12871493,0.02682667,-0.3598537,-0.32723188,0.10284499,0.4238242,-0.3033293,0.22559656
0.4652742,-0.13960387,-0.14444466,-0.33610857,-0.31847194,0.25810534,-0.2833967,-0.31988916,0.09514511,-0.14925693,0.17388906,-0.36522746,-0.38771254,-0.46232992,-0.14900099,-0.007738533
0.38328424,-0.25482774,0.33851656,0.15082347,0.0993141,-0.41083512,-0.14068085,-0.111395426,0.4436648,0.29742447,0.27903917,-0.34781358,0.29144782,-0.25226462,0.1718329,-0.3274427
-0.3467655,0.24180709,0.2972362,-0.32947856,0.115134925,-0.38495752,-0.37830457,0.019007992,-0.49325487,-0.33668745,-0.012723139,0.22319596,0.24021536,-0.31500405,0.047563024,0.27475348
0.2864147,-0.32783875,0.05253715,-0.32560876,0.26859182,0.24815074,0.2328222,0.38720837,0.49909553,0.015051002,-0.4151986,-0.008846942,-0.23132159,-0.07118045,-0.20914131,0.3785373
0.37165695,0.30126172,0.3891661,-0.49108118,0.25983328,-0.34306535,-0.09336768,0.52791977,0.34220198,-0.23374511,-0.5193699,-0.26553664,0.013756356,-0.028255586,-0.42903826,0.10939739
-0.2671578,0.29290614,0.21471627,0.29408348,-0.29415956,0.46777445,-0.0012147314,0.03592642,-0.28885728,0.17833966,0.42784336,0.41757458,-0.42306137,-0.36307648,-0.20360754,0.10634596
0.30523005,0.45624825,0.42289993,-0.3054902,0.33715037,0.13457152,-0.2947499,-0.3905941,-0.2105667,0.4341955,-0.22170515,0.21942699,0.43012318,-0.36308077,-0.33188063,-0.38392636
0.22694504,0.07394616,0.20352808,0.43457255,0.05608059,0.3781593,0.15594459,0.17576769,-0.34255144,0.43955272,-0.2807359,-0.1511896,-0.24241844,0.31646663,0.08336933,-0.4183969
0.16251402,0.4809003,0.11851086,0.4451575,-0.22787543,-0.15161756,-0.13934968,0.33406597,0.12561256,0.10983154,-0.29502267,0.40237683,0.27100608,0.41377392,-0.3488576,-0.23511173
0.3710225,0.3874861,-0.28766695,0.32612902,-0.42797977,0.23750117,0.1712249,-0.3865934,0.10840937,-0.33450305,0.16106126,0.3382978,-0.17765813,0.21683824,0.11124671,0.4456551
-0.33674443,-0.12949908,0.08755237,0.27850598,0.24145456,-0.32516065,0.2527724,-0.2557575,0.08746644,0.083363704,0.3435214,-0.3524689,0.48837054,0.3511251,-0.37121186,0.05617837
0.17064235,-0.34425542,-0.3580474,0.270437,-0.3864704,-0.378074,0.1774383,-0.26018694,-0.2018617,-0.08187115,0.36219612,-0.27016953,0.363476,-0.42573935,-0.26761788,0.14743215
0.36942583,-0.18329768,0.17005245,0.28938603,-0.21131125,-0.42274016,-0.3661281,-0.36954474,-0.36678243,-0.3381657,-0.22075397,0.39915326,0.24280241,0.19256425,0.26398894,-0.056794044
-0.2873246,-0.056039967,-0.24286598,0.31657505,-0.14603409,0.47346812,0.20411685,-0.36963308,-0.014392659,-0.26092598,0.370618,0.32400566,-0.3539212,-0.30107346,-0.14957471,-0.18433425
0.21712625,-0.09203389,-0.21420684,-0.17286159,-0.37812057,-0.35403162,-0.4704334,-0.31668815,-0.10321346,-0.34709072,0.054458763,0.33762163,0.14971481,0.35220778,0.3258754,-0.25885093
0.15891755,0.13474064,0.0885012,-0.294315,0.29939523,0.32818863,0.40585077,-0.17391182,-0.23488668,0.33440787,-0.39090037,0.35755923,0.23583198,0.2505813,0.40927342,0.22125284
-0.2107633,-0.22887918,0.4954307,0.081776515,0.106632784,-0.4713517,0.224202,0.5140996,0.3804047,0.069056444,0.40480512,-0.33453256,0.06691526,-0.26748395,-0.1646269,-0.24056394
-0.37520847,0.053509273,-0.19878012,0.3456668,0.27413723,-0.28898185,0.33410913,0.32128346,-0.07983518,-0.38223848,-0.33812672,0.40711474,0.3015243,0.32217208,0.41389728,0.022576356
-0.064150766,-0.03332151,0.4592732,-0.400998,-0.27683455,0.11524609,-0.35303235,0.07863655,0.41905856,-0.34961227,-0.43231326,0.054128177,-0.3923748,0.41334033,-0.40304786,0.22211692
-0.26977646,-0.49489167,-0.07101294,-0.17195241,-0.041917503,0.14423774,0.291709,-0.32460842,0.13073282,-0.28228974,-0.165134,-0.41111678,0.16279115,0.25897512,0.010073805,-0.32101923
0.12877505,-0.2508464,-0.002622303,0.45886415,0.23305163,0.3123174,-0.18009946,0.1858854,-0.32344064,0.36017653,0.22267738,0.2881422,0.36222517,0.37483993,0.03548787,-0.19062315
-0.12476314,0.46589983,-0.247819,0.49909097,0.37962243,0.048677843,-0.076739535,0.4016078,0.07109054,-0.031476554,-0.2788792,0.3858604,-0.34557062,0.469504,-0.3147067,-0.14301786
-0.36896613,0.06266716,-0.07373536,0.35804787,-0.2733525,0.44579542,0.28838688,-0.24989164,-0.17812295,-0.22635908,0.4014799,0.31971258,-0.36770633,-0.30918384,-0.2965189,-0.14521119
0.3656178,-0.37882024,0.048500642,-0.43161926,0.21508631,0.2938366,-0.11554321,0.20609404,-0.14125094,0.16124485,0.44914895,-0.16134483,-0.40667683,0.20505205,0.17710714,0.47368494
0.37249014,0.021399993,0.34046397,-0.37671143,0.23171994,0.45273745,-0.38086584,-0.29919195,-0.259318,-0.21887591,0.41282547,0.11268292,0.13298967,0.22757396,-0.27972654,0.05208119
0.45481452,0.15045574,-0.25733444,-0.3493612,0.03521088,0.4296458,-0.24006462,0.31165516,0.16454454,-0.22176659,0.39548808,-0.29875532,-0.39840245,0.40116236,0.2529274,0.4047539
-0.11005352,0.38415992,-0.3493087,0.44414258,-0.28222826,-0.4130433,0.060539845,0.42555317,-0.37023595,0.12774888,-0.31638995,0.28736326,-0.17690061,-0.14821814,-0.35124996,0.40008175
-0.2165556,0.28762576,0.029778143,0.30525512,0.34074184,0.07234537,0.304297,0.35302627,0.34415337,-0.030265339,-0.38493082,0.25803128,0.1658182,-0.17983855,0.4244854,-0.1501777
0.041000374,-0.34116378,-0.269515,0.31124628,-0.32157007,-0.2309029,-0.15923086,0.15102942,0.0047900616,-0.052614182,0.4633144,-0.4308399,0.510274,-0.36489683,-0.41599926,0.31874144
-0.43749344,-0.49622107,-0.22380146,-0.17247152,-0.16345772,0.21647008,0.07134306,-0.41363734,-0.15161948,-0.018010806,-0.36860597,-0.33171165,0.1711703,0.43839055,-0.3222684,0.23524107
-0.1928016,-0.41453537,-0.20895477,-0.19786757,0.4584512,-0.23840429,0.36402407,0.46536005,-0.2738742,0.1920684,0.264382,-0.3908475,0.4775583,-0.2724534,0.11591315,-0.39403164
-0.33114687,-0.46278998,-0.45271742,0.17708836,0.051971216,0.26559752,0.3354459,-0.27354258,0.16342354,-0.27786505,-0.4882796,-0.3926227,0.26867265,0.12830535,-0.25209573,0.0026789187
0.23602305,0.28040388,-0.37809166,-0.25406793,0.32882354,-0.46436578,-0.030276245,0.19685753,0.31610608,-0.28304932,-0.04664473,0.2991194,-0.32221055,-0.3883248,-0.34084374,0.3112007
0.047042124,0.18200076,0.3738494,-0.2797048,-0.12345328,0.057648618,-0.066880755,0.3173516,0.43758214,0.07930352,-0.44013333,-0.2612022,-0.2992726,0.024291135,-0.26269567,0.44980758
-0.37346348,-0.32626143,-0.3178674,0.30114093,-0.33296806,-0.29498902,-0.33351237,-0.3605472,-0.16078953,0.103847526,0.044575322,-0.48238778,0.30017427,-0.011534984,0.32219487,0.26691008
-0.2769179,-0.31071028,0.23655955,0.40393224,-0.24788855,-0.48685604,-0.21570951,-0.07338652,-0.12407253,-0.03864916,0.379365,-0.40544483,0.5062712,0.1837436,-0.38759708,0.38263255
0.058464546,-0.43568242,-0.42007396,0.15929817,-0.09523422,-0.073312305,0.44369718,-0.4005617,0.12098676,0.29007334,-0.41299784,-0.44132745,-0.06318709,0.34199318,-0.312808,0.17286018
-0.1504167,-0.11146667,-0.121181995,-0.015901012,0.11495719,-0.4187989,-0.34260827,-0.44721508,0.25480166,0.10442255,-0.31116438,0.272761,0.24621226,0.32806364,0.35257038,-0.30922505
0.26176825,0.4115681,0.38119882,-0.22281754,0.3449267,-0.025042938,-0.26146537,-0.33694318,-0.066758856,0.37816292,-0.27584827,0.20837799,0.4346772,-0.346923,-0.28085387,-0.35693622
-0.04558973,-0.119684294,-0.20382638,-0.055919554,-0.16171698,0.23792838,0.29560232,0.4403954,0.34270555,-0.30672657,-0.22100694,0.3997188,0.39483717,0.18956965,0.41401303,-0.3354951
-0.25601047,-0.30683532,0.22897145,0.41381744,-0.2287485,-0.483701,-0.17464854,-0.039034873,-0.09207288,-0.059017282,0.3870215,-0.41660678,0.49083373,0.19281882,-0.38761485,0.3667075
0.08914406,-0.4633991,0.2689983,-0.24866502,-0.35995615,0.20899749,-0.39638233,-0.3504486,-0.13525231,-0.37313676,0.108782515,0.32321915,-0.11881701,0.33109942,0.2665203,-0.29744974
-0.34900847,-0.13942689,-0.3653316,-0.17880064,-0.11778368,0.15740485,0.30347222,-0.47153813,0.23257452,-0.26527727,-0.26296538,-0.2667924,0.21581484,0.109581165,-0.21292806,-0.23344602
0.17697868,0.18684196,-0.27852312,-0.32179266,0.2521642,0.16756831,0.42391667,0.21874268,-0.31272623,-0.069582224,-0.32543576,0.35662803,0.17235127,0.3633807,0.42206037,-0.28543365
-0.33891478,-0.47485313,-0.46378806,0.19267942,-0.014262031,0.12668706,0.33476168,-0.27312392,0.15505587,-0.26370814,-0.50097257,-0.40377823,0.29396343,0.10503675,-0.27347678,0.05915639
0.2010941,-0.14431532,0.3140988,0.11682906,-0.36787924,-0.27168337,0.105533294,0.3779847,-0.3443469,-0.16491833,0.4715347,-0.437005,0.40619257,0.25222608,-0.36206913,0.3666178
0.38592458,-0.39063352,0.40237933,0.42038393,0.3424717,0.3247476,-0.20147882,0.33741564,-0.20533428,0.28208548,0.23987351,0.1449871,0.46877933,-0.11221701,0.44684172,-0.39263228
0.18136348,-0.16009142,-0.17080052,0.20164266,0.1522496,-0.3942651,-0.42346692,-0.46019727,-0.1523684,-0.029688733,-0.23576923,0.36706647,-0.18804476,0.27121943,0.45367095,-0.28250387
0.33330345,0.24002706,0.11556655,0.276921,-0.4282442,0.26528007,0.33087513,0.20695849,0.23979428,-0.27852312,0.15309776,-0.29163083,0.37211603,-0.17315896,-0.2541839,0.46816832
-0.061053626,-0.40835226,0.39990062,-0.12801771,-0.4028168,-0.28432658,0.17278917,-0.2422885,-0.42349625,0.36629516,-0.19144422,-0.07046594,-0.3438198,-0.20913132,-0.31550568,-0.32388002
0.29464385,-0.3007436,-0.087932,0.1303621,0.4319938,0.3926021,-0.5056252,-0.11324069,-0.39610237,-0.38821062,0.46126148,-0.071001366,-0.2101375,0.03375616,-0.26715228,-0.14094837
-0.28593272,0.13557848,-0.15381423,0.099415936,-0.25389588,0.12699315,0.29362258,0.32341257,0.24836026,0.12931554,-0.28009218,0.48919278,0.36579162,0.36248568,0.43602693,0.12210092
0.31362453,-0.36739317,-0.05570231,0.33280256,-0.28313747,-0.22136931,0.19851866,0.20325932,-0.49573478,-0.03706451,0.26413956,-0.25414574,-0.27432397,0.017802475,-0.17026237,-0.29359916
-0.44646904,-0.02804331,0.5136391,-0.37057072,-0.1063697,-0.36121166,-0.3335563,-0.17291792,-0.19369483,-0.34259224,-0.25336963,-0.117892295,0.09628849,-0.47112837,0.3158505,-0.04931719
0.3751191,0.3707262,0.1362904,0.27892745,-0.24619137,0.35691127,0.04900655,-0.5016941,-0.3148579,0.12364701,0.2386647,0.32018825,-0.313984,0.11533505,-0.34102464,-0.11258751
-0.39633837,0.2525319,-0.24291421,0.13141109,0.26367703,0.2899997,0.2864919,0.40126616,0.3675298,-0.22378129,0.15919411,0.34762168,0.37470075,0.36179787,0.3539562,0.11866444
-0.16721457,-0.38168576,-0.20759864,-0.12804504,0.41969064,-0.18162982,0.27767235,0.4893031,-0.2633401,0.16215345,0.20168163,-0.38661307,0.44092765,-0.2252836,0.10607872,-0.3562777
-0.31395993,-0.03262761,-0.2049366,0.33036345,-0.16971304,0.47046742,0.16640149,-0.36014494,-0.04086627,-0.24234399,0.4196962,0.30958351,-0.34709722,-0.2873111,-0.13340543,-0.20761992
-0.27896592,0.082542576,-0.1872272,0.12961811,-0.24591948,0.14144477,0.31210235,0.3369294,0.2339916,0.18268073,-0.30911914,0.49769035,0.36749747,0.39080283,0.44595888,0.11236318
0.14776419,-0.35329953,0.47915757,0.40547416,-0.36761183,0.3259419,-0.22655064,-0.36573467,-0.4559591,-0.18038228,0.3391697,-0.33255458,-0.12478586,0.046315156,0.3522889,0.1343687
-0.13372526,-0.47758117,-0.026171137,-0.2816164,-0.20694472,-0.4584211,-0.030565916,-0.278865,-0.4520439,0.3916531,0.35320073,0.09279942,-0.033296354,0.27237743,-0.3479752,0.027322633
0.3364249,-0.17156406,0.34826848,-0.092230685,-0.12350952,0.34283286,0.46783644,0.21955258,-0.1641748,-0.3112875,-0.5089244,-0.36904898,-0.35357535,0.19586106,0.24902499,0.4046692
0.32616714,-0.3104338,0.17210211,-0.28265002,0.24054174,-0.060716417,0.28426605,0.41944078,0.13446882,-0.19661868,-0.467264,-0.35110703,-0.43991724,-0.13730682,-0.26290324,0.16977245
0.25422516,-0.22114299,0.38415194,0.24401374,0.44887358,-0.2642326,-0.36942402,0.37341663,0.48211402,0.26646137,0.34891644,-0.27856034,0.26553354,-0.25393638,-0.18109436,0.118678726
0.13932112,0.2291007,-0.26269275,-0.33580765,0.23518597,-0.25663683,0.02388903,0.3207873,-0.08851423,0.004432422,-0.17655133,0.39483106,0.40585423,0.24115737,0.4563655,0.15193519
-0.23665039,0.053343162,-0.39822617,0.25738233,-0.046924014,-0.30260172,0.301897,0.08773258,0.19929932,0.50053024,0.28855252,0.2812351,-0.44351256,0.00953892,0.110633716,-0.39429605
-0.30117002,-0.30474135,0.38432512,0.23210621,0.33072394,-0.27178657,-0.0154212685,0.41629535,0.49656743,-0.26910457,0.34733602,0.22595358,-0.2248259,0.23653333,0.08403698,-0.33272249
0.4248231,0.45174432,0.37831956,0.33519295,-0.41378602,0.23222865,0.3830161,0.3282176,0.28747627,-0.2919019,-0.35546717,0.39831018,0.27159524,-0.033243887,-0.15437014,0.013513446
-0.3435827,0.04996151,0.400692,0.28656793,-0.37751442,-0.15311801,-0.26797727,0.23792937,-0.28053984,0.37022993,0.36707792,-0.4493766,-0.3281801,-0.1099742,-0.29597497,0.07057909
-0.19442107,-0.32508305,0.37046427,0.2139075,0.282894,-0.29088092,-0.04228807,0.37908617,0.48368695,-0.33903196,0.34031752,0.19956271,-0.20001017,0.2388708,0.0703463,-0.3477595
0.335056,0.08155246,0.18843114,0.29634336,-0.44445857,0.4261273,0.20839804,-0.266691,-0.15703987,-0.010448793,-0.50551,-0.3182585,0.09244791,0.1519725,0.018488225,0.48023328
-0.2526337,0.38269436,-0.25803295,-0.27157575,0.32890204,0.48851222,0.28508556,-0.33499673,-0.41214168,0.2822934,0.01464993,0.36081287,-0.12268829,-0.04184885,0.42036426,0.34217227
0.42198467,-0.042163208,0.43753263,-0.10051968,0.5028737,0.37765393,-0.13579343,0.3069756,-0.21666534,-0.32075682,0.23053743,0.2538081,0.33183017,0.00022532429,0.19225778,0.22496651
-0.20537141,-0.24835207,-0.3843983,-0.36831456,0.15829597,0.3234316,0.22202669,-0.39059,0.35520604,-0.47478068,-0.19557486,-0.0993698,-0.08515326,0.15521747,-0.22375304,-0.14885272
0.39643988,-0.1903708,0.31210178,-0.12775181,0.36531392,-0.2945239,0.244043,0.25609362,0.47662944,-0.3851099,0.3425886,-0.24715546,0.23842505,-0.26851854,0.07736369,-0.24750791
0.17084748,0.29326004,0.10602558,-0.3396004,0.2733134,-0.18889347,0.26317704,-0.36210078,-0.4010868,-0.12971306,-0.37672877,0.2763749,-0.28026798,0.3496436,0.40161487,0.009221047
0.15870816,-0.33543304,0.36631027,0.48382652,-0.0026559988,-0.10915584,-0.2684728,-0.2115587,0.23962787,0.3873027,-0.028175628,0.32375404,0.36474383,0.12177562,0.27192986,-0.35787868
-0.24767835,0.30188388,-0.21946871,-0.26324543,0.26241174,0.44536483,0.27183548,-0.3187154,-0.3912898,0.25702196,-0.03122093,0.31014192,-0.10738964,0.016381579,0.35917416,0.2245976
-0.35932374,-0.3141881,-0.2425032,0.21831028,-0.06672694,0.27885363,-0.18484761,-0.29116336,0.26098394,0.36634392,-0.39596707,-0.45276856,0.21590465,-0.0216468,0.16066869,-0.35630044
-0.28957936,-0.26432756,-0.39086664,-0.16089287,-0.36893824,0.13803536,0.18618123,0.38256735,0.28731006,0.38839617,-0.012496303,0.23328578,-0.3964093,-0.070512556,-0.12206135,-0.41862166
0.10335046,0.3265276,0.10010401,-0.32720202,0.2387741,-0.2001297,0.27046904,-0.34263983,-0.384562,-0.14011535,-0.34521112,0.29141515,-0.29944524,0.35204887,0.42372358,-0.02843496
-0.4361253,0.13849123,0.3880388,0.14580451,-0.45013306,-0.36948922,0.10444528,-0.14582895,-0.17655747,-0.32865858,-0.09046177,-0.40578094,0.33956188,0.17202052,-0.4062555,-0.13480568
0.047873825,-0.4723247,-0.36276394,-0.24785821,-0.35947537,-0.16466643,0.46458468,-0.50900304,0.35466102,-0.09642494,-0.38543355,-0.38643146,-0.11237254,0.31069604,0.24421029,0.060978614
-0.009285361,-0.29614788,0.35305455,-0.3514649,0.28203836,-0.2838402,0.0023539255,0.043363295,-0.34986386,-0.42678943,0.057338584,0.33884278,0.31511176,-0.3601033,-0.090986595,0.43518537
-0.28165686,0.18105507,-0.3314807,-0.31308407,0.085366435,0.37328097,0.18033756,-0.22940464,-0.25638348,0.40751216,-0.4253137,0.33070734,-0.32211608,0.38074818,0.52306414,-0.34548467
-0.14255849,0.45322478,-0.1625513,-0.34780338,0.41403812,0.06018815,0.31098956,0.022508906,-0.17786618,0.3761625,-0.42635494,-0.15527925,0.11813672,-0.20746815,0.44922462,0.054056033
-0.2541672,0.061774697,0.4304364,0.18929653,0.21680804,-0.13238096,0.080331415,0.046587054,0.4818269,-0.29649264,0.41350737,-0.2902639,-0.3512543,0.1926361,-0.20796606,-0.28646645
0.42937815,0.21230239,-0.44117153,-0.2027141,-0.19115858,0.38043597,0.3351345,0.4009079,-0.40099066,0.0695003,0.29722312,-0.23687528,-0.38549566,0.111736394,-0.36492208,-0.4215701
-0.06214796,-0.2538941,-0.046977445,-0.05257824,-0.11078655,-0.40386072,0.0012348249,0.51193947,0.33290288,-0.16857176,-0.09347133,0.44783154,0.40901312,0.1715685,0.42758676,0.18286835
0.38865325,0.21356349,-0.45291814,-0.14848708,-0.18229634,0.38021147,0.34425572,0.36400658,-0.35797858,0.118605375,0.27936575,-0.26832917,-0.39551377,0.073115595,-0.339613,-0.3876732
-0.42762265,-0.28813934,0.1438532,-0.08921886,-0.15489241,-0.33473605,-0.1455011,0.014944747,-0.37354115,-0.28758064,0.20312452,0.32774132,0.088349365,-0.5188846,0.2533117,0.34190324
0.03909426,-0.0760915,-0.3840038,-0.32921478,-0.16615474,-0.4135337,-0.5056053,-0.07835664,-0.019485313,-0.35996607,0.19259436,0.38328862,0.19511467,0.48870865,0.3509898,-0.13607022
0.28286657,0.27486426,-0.38688433,-0.388707,0.03852683,0.38561565,-0.14935309,0.40468696,-0.21403706,0.2983899,0.39500526,-0.343235,-0.36467645,0.43937305,0.27574787,-0.15840395
-0.22752725,0.035646487,0.44801968,0.17650004,0.17598142,-0.14145294,0.11265527,0.0981035,0.46634075,-0.33834362,0.42186564,-0.2851438,-0.31488523,0.16130097,-0.22817099,-0.3224737
-0.44868532,0.21938713,0.4521848,0.22012824,-0.41499907,-0.33635536,0.122721896,-0.14386432,-0.22551869,-0.33956575,-0.098371595,-0.45166162,0.36928776,0.17192806,-0.41654846,-0.22665067
0.13592269,-0.29041606,-0.24185018,0.2945827,-0.2918647,-0.4059928,-0.106117636,-0.26828757,-0.18670344,-0.102289766,0.18809861,-0.44811943,0.43439153,-0.006049603,-0.38576555,0.19382328
-0.37478143,0.012948375,0.3853854,0.29011467,-0.3991028,-0.1670841,-0.21774659,0.22785169,-0.303223,0.381691,0.37338188,-0.43444082,-0.2662815,-0.15448743,-0.3598499,0.08430035
0.32760954,-0.4274509,0.05939463,-0.37091002,0.18387435,0.27606007,-0.08935539,0.18310355,-0.1110841,0.19206768,0.48269662,-0.16746794,-0.3710327,0.22572775,0.16405654,0.47674057
-0.0015143587,-0.046166897,-0.19594924,-0.065469846,-0.12364819,0.20052132,0.280063,0.42562303,0.36985156,-0.319872,-0.20923273,0.39357975,0.37887752,0.20797585,0.41502693,-0.3532533
-0.3690331,0.21750039,-0.28468972,0.33014092,0.14909162,0.12293459,0.32133275,0.282556,0.29035863,-0.2811675,-0.11177179,0.41718388,0.29519045,0.30718488,0.22597817,0.17160739
0.35857844,-0.13826802,-0.36927772,-0.31323528,0.250118,0.36578014,-0.33555764,-0.3892894,-0.08109641,-0.014500073,-0.15556613,-0.37085077,-0.399425,-0.3722744,0.13296258,-0.31264105
-0.3249943,0.31350657,0.118958294,-0.19321224,0.44344977,-0.29609013,0.04633064,0.43566105,0.343285,-0.41425425,-0.3482105,0.020014396,0.075843506,0.37691587,0.42858323,-0.028655833
-0.34593374,0.09584892,-0.3923568,0.113438435,-0.28901568,-0.17199904,-0.018531963,0.2185457,0.31443578,0.3930406,0.14606485,0.28380722,-0.5061703,0.08305082,-0.01102126,-0.35887522
-0.2978928,0.24625576,0.094668254,-0.28673324,-0.18645662,-0.32222438,0.3094799,0.02857329,0.5579449,-0.19452451,0.32490426,0.5357797,0.14449507,0.27388725,0.12745091,-0.23104721
0.18285446,-0.34188184,-0.33114702,0.24390419,-0.36640045,-0.38275287,0.25761086,-0.2565852,-0.22236595,-0.006857057,0.33242193,-0.2677307,0.3171398,-0.40793064,-0.21051191,0.08350949
0.30375597,-0.2357102,0.3683213,0.314651,0.44555387,-0.27223065,-0.34387335,0.34679183,0.45240903,0.2991079,0.3030986,-0.3135717,0.2977919,-0.29577488,-0.21048112,0.08494938
0.26577097,0.16864412,-0.3164481,0.36148903,-0.3338167,-0.2740299,-0.41177922,0.28157464,0.2278161,0.23479809,-0.38704154,-0.13100612,0.21616597,0.3550849,-0.17649847,-0.21216099
-0.45897025,-0.014738445,0.054213896,-0.2828277,0.21958885,-0.40150163,-0.32577506,-0.4582287,0.25823107,-0.21850492,0.38597667,0.32506028,0.22617276,-0.41750857,0.4362435,0.34340313
-0.13770166,0.010067134,0.15099975,-0.40327516,0.4579113,0.42154062,-0.48405772,0.11172456,-0.4017138,-0.18243071,0.54152274,0.32675976,-0.2422485,-0.28078958,0.31643188,-0.16189693
0.46446872,0.20043613,-0.23707062,0.41677427,0.28178176,0.36385778,0.3098431,-0.23166287,0.15811086,0.30963165,0.2747662,0.34900394,0.22476408,0.13227527,-0.27971467,-0.30350837
-0.3378489,-0.52805495,-0.07268619,-0.19576943,0.0109282,0.16706553,0.35722104,-0.36180392,0.13086146,-0.3396502,-0.12632173,-0.4299151,0.21890989,0.36026406,0.07814079,-0.3315134
0.22049043,0.28953406,-0.37890416,-0.23747337,0.3409527,-0.46360657,-0.059583906,0.18322694,0.31310174,-0.26409316,-0.04654781,0.31766135,-0.3460454,-0.40141624,-0.35154033,0.29732007
-0.17930672,0.4306329,-0.2538198,0.45633402,0.3287239,0.011655123,-0.05061578,0.3390552,0.0753573,0.012420132,-0.24532259,0.33690235,-0.34794873,0.4104365,-0.30647007,-0.10956313
0.46624124,0.31824508,-0.17952354,0.26001146,0.032480847,0.39508173,0.4245209,-0.33179402,0.24440819,0.22100225,0.2942206,0.2553627,0.20167266,-0.05013276,-0.23798229,-0.17601533
-0.07878368,0.33290055,0.2825204,0.15761665,-0.058426812,-0.38334486,-0.47428104,0.33879972,0.18666,0.42214546,-0.34040257,0.41120735,-0.010736665,-0.100139275,-0.49647096,-0.14385103
-0.37342167,0.25172964,0.11087068,0.419893,-0.16025276,0.10276111,-0.17312945,0.23161088,0.08687754,0.38629156,0.27927697,-0.53400904,0.45289257,-0.016520271,-0.35463312,0.44603312
0.2401601,0.39713037,0.3153753,0.14983517,-0.46480325,0.38241264,0.4140041,-0.11686315,0.3737179,-0.016105676,0.31254008,-0.22501032,0.34835958,0.26927698,-0.07357062,0.40708172
-0.38806233,0.22109354,-0.32698733,0.34182668,0.17709479,0.12079872,0.32696483,0.3110007,0.26570678,-0.30436984,-0.07985834,0.4056541,0.32661194,0.321823,0.22321436,0.18145898
0.3991649,0.40750176,-0.2977092,0.28809604,-0.46741855,0.36516094,0.31397265,-0.34928426,0.15001848,-0.36189586,0.22059989,0.321116,-0.17115541,0.22730339,0.09987787,0.4588874
0.27036533,0.24563527,0.34718135,-0.27717298,0.16468538,-0.29838717,0.24336815,0.363013,0.44818667,0.11003261,-0.15249552,0.2837279,0.11164916,0.17072661,-0.3246769,0.3977843
-0.20811102,-0.040882874,0.1875845,-0.039034218,0.38355505,-0.095862664,-0.35193208,0.44170344,0.10693294,-0.34344885,0.30119398,-0.31819734,-0.13447164,-0.12169176,0.36677727,-0.38312632
0.42034304,0.41074324,0.40915817,0.33032987,-0.3805623,0.24068163,0.35796106,0.35651016,0.33120105,-0.28195044,-0.34712654,0.4024223,0.23824112,-0.015243425,-0.14619707,0.03052173
-0.22463243,0.3939768,0.24680509,-0.16993706,0.25107926,0.3821973,0.19520575,-0.3328938,-0.19014716,-0.27741164,-0.44566742,0.46653607,-0.011819228,-0.14522521,0.18555707,0.19670627
0.060604088,-0.48534697,0.050633118,-0.2484608,-0.24697904,-0.42856213,0.12535492,-0.27784675,-0.49686575,0.44579977,0.35048214,-0.0027003256,-0.14987956,0.31903803,-0.38697863,-0.12228857
-0.19729269,0.43154693,-0.33548293,0.35192648,-0.4007693,-0.28634718,-0.40939733,0.3375639,-0.058184337,0.38931382,-0.201014,0.24891049,-0.04041381,-0.18985765,0.049495842,-0.23755212
0.36502305,-0.057547707,0.35975248,0.50770706,0.32765165,0.19201618,0.116623305,0.3405948,-0.24540704,0.4353519,0.09823226,0.39378616,-0.058644842,0.364722,-0.06447604,0.13593702
0.43518212,0.20767756,0.2765974,0.230935,-0.27076104,0.18179591,-0.030733828,-0.52066624,-0.4145258,0.21740879,0.31049687,0.18237552,-0.31155166,0.20420927,-0.34921196,-0.1672037
-0.42092806,-0.22714649,-0.4261736,-0.32165,0.05507564,-0.26394957,0.33316714,-0.38963398,0.0025472206,0.34886864,-0.34710434,-0.40011516,-0.001968024,-0.45158902,0.3127816,-0.1678932
-0.266299,-0.16001986,-0.30933937,0.40692827,-0.16636558,-0.31731534,0.13420458,-0.34843194,-0.3572568,0.20253266,-0.008314076,-0.36585727,0.30702507,-0.29513922,-0.12670408,0.34870875
-0.15938984,0.25311324,-0.36311316,0.02455463,0.40787408,-0.288732,-0.14768839,0.015298285,0.13588597,-0.36766753,-0.34805655,0.3019459,0.040096406,-0.39471167,-0.3398893,0.27463242
0.36147165,-0.27580234,0.3042469,0.10399395,0.16434857,-0.39128056,-0.15075414,0.013971231,0.4685472,0.2904117,0.3331993,-0.37305674,0.27445203,-0.28139523,0.20158108,-0.3227475
-0.20073058,0.15034123,0.3134987,-0.33038464,0.33961746,0.49639046,-0.49784115,-0.08549828,-0.26557267,-0.26291636,0.34762937,-0.09302391,-0.026185052,0.2630946,-0.31935757,-0.17140397
-0.483578,-0.3855727,0.31323674,-0.21324089,0.102122664,0.4162779,-0.13956112,-0.23149219,0.40528476,-0.17278095,-0.25288022,-0.39657944,0.3671683,0.31500834,0.28635493,-0.30199966
0.33797893,-0.24366595,0.28206646,-0.08829838,-0.11802991,0.30421287,0.41494396,0.23723713,-0.15934366,-0.26605693,-0.5008256,-0.353762,-0.35730803,0.15805167,0.27652413,0.4065149
0.24937856,-0.32285246,-0.31204614,-0.27866125,0.30508628,0.2812406,0.39999133,0.29597235,-0.20630704,0.19113824,-0.20905043,-0.38358483,0.35998148,-0.29429212,0.054837387,-0.43179914
0.34500232,-0.31246895,-0.079665,0.1435249,0.42011997,0.43262768,-0.52225935,-0.101875864,-0.4199467,-0.39274937,0.48541713,-0.09201394,-0.23952816,-0.07200154,-0.26404288,-0.18005466
0.37081552,0.013074937,-0.22864802,-0.29972523,0.1785203,0.12821563,-0.081616,0.36871964,0.40502173,-0.35159323,-0.46265122,-0.20124929,-0.45311219,0.08564398,-0.24654408,0.12256312
0.11629364,-0.45994586,-0.3909826,0.1303253,-0.071036905,-0.0402533,0.42093313,-0.41086754,0.13048373,0.33401257,-0.4087559,-0.41972896,-0.106680505,0.3923169,-0.34437263,0.23724832
0.3781373,-0.00769432,0.37718302,-0.016691655,0.42626506,0.042195696,0.10129349,0.49487713,0.09612921,-0.37323338,0.074370086,0.34611878,0.39135677,0.08353652,0.39829457,0.20940207
-0.34759796,-0.050126445,-0.25306728,0.37740386,0.25928184,-0.3319326,0.3178013,0.52785516,-0.14540386,-0.38734844,-0.21034704,0.22216026,0.25930262,0.1988346,0.475839,0.074412465
0.21689859,0.022863345,0.201155,0.48410365,0.048444554,0.44686252,0.22533982,0.22150202,-0.39182863,0.4978368,-0.3136565,-0.15115835,-0.31593037,0.3475328,0.07318209,-0.47095734
0.44365892,-0.2635082,0.32119673,0.36912832,0.020110304,0.22736363,-0.37671968,-0.16193154,0.057939872,0.39850736,0.3256973,0.41063488,-0.1482079,0.41308603,0.17319283,0.3324884
0.2226727,0.29678148,-0.3434592,-0.30528465,-0.25423056,0.31153023,0.27517876,-0.4020596,-0.26142976,0.38111493,-0.43921512,0.2616315,-0.12881647,0.24705482,0.36135536,-0.084715866
0.3552432,-0.07095748,0.3369197,0.4882413,0.30589205,0.17453082,0.09767462,0.24515462,-0.19830342,0.42056486,0.11945295,0.38842678,-0.020097554,0.3794252,-0.08860603,0.08213264
0.28143805,0.43053657,0.40091482,-0.25354508,0.36002234,-0.0077544525,-0.2810294,-0.34416786,0.006727825,0.389047,-0.28960386,0.21682493,0.44761747,-0.3671107,-0.28566566,-0.37178332
-0.34605616,0.10527958,-0.03628009,0.3196246,-0.25047168,0.4296656,0.26201507,-0.19242147,-0.162476,-0.21167403,0.3899793,0.30649674,-0.34861675,-0.2934708,-0.27886185,-0.13864732
-0.32199475,-0.29817358,0.26403105,0.14021553,0.23318608,-0.337648,-0.34786943,-0.29998925,-0.3882759,-0.023572633,-0.25809115,0.33117485,-0.22002473,-0.31233585,0.32625875,0.33420604
-0.272821,0.29577625,-0.4171206,0.23237725,-0.39086214,-0.23491484,-0.27814046,0.440759,0.17605735,0.37392077,0.0053669014,0.20025583,-0.119338356,-0.2964377,0.15122302,-0.3286611
0.034561228,-0.039053526,-0.37308803,-0.28828797,-0.078514,-0.4362363,-0.48636255,-0.20146562,-0.076503746,-0.36523837,0.20374696,0.41469717,0.15315296,0.45198962,0.32841483,-0.15954547
0.5047852,0.3945622,0.5018347,0.13608208,0.22078069,0.24059851,0.31019646,-0.40793562,0.22732595,-0.056094863,0.25562313,-0.2604535,0.1659806,0.20505919,0.38271788,0.33083293
0.44356164,-0.12673739,-0.23107041,-0.2528971,-0.2964188,0.17574278,-0.31239045,-0.3206278,0.1230945,-0.16516937,0.20372619,-0.358251,-0.36218032,-0.43585566,-0.18162364,0.0029033478
0.07757331,-0.4746938,-0.4060743,-0.21867226,-0.297494,-0.28050524,0.4652143,-0.513496,0.39566496,-0.06005925,-0.43014356,-0.3755838,-0.11241643,0.31611088,0.29137713,0.0070616174
-0.32445046,0.05520519,-0.3881161,0.104365446,-0.2763421,-0.16936009,0.037713267,0.2665744,0.31195,0.42419297,0.17573006,0.24003217,-0.510092,0.08932024,0.00028204382,-0.35782242
-0.43101886,-0.16270934,-0.3843979,-0.2105561,-0.18897684,0.18651609,0.35667408,-0.5113226,0.24672027,-0.30475798,-0.28233916,-0.3258343,0.27982077,0.14684294,-0.23676589,-0.33094475
-0.33790442,-0.08818008,0.46566415,-0.3534659,-0.2097292,0.18558332,0.29026988,0.26056826,0.47275308,-0.3625061,-0.35458657,-0.15006222,-0.051734418,-0.16793302,-0.27465832,0.38881233
0.35542032,-0.2748008,0.43083408,-0.2501701,0.014705705,-0.31855634,0.35359412,0.20138855,0.36632702,-0.40555322,-0.5306654,-0.1390115,-0.4616605,-0.26112506,0.22769274,0.27232373
-0.3973936,-0.2935546,-0.25417027,-0.040063094,0.17562844,-0.33712026,-0.10327317,-0.46618143,0.41382498,0.18052436,-0.49025273,-0.045908254,0.28122854,0.32958007,0.30144393,-0.2772256
-0.20747325,0.32137415,-0.036490496,0.37454978,0.20619841,-0.31799653,-0.3915801,-0.08854716,-0.3231238,0.39516357,-0.43809164,0.26917022,-0.18175519,0.42794466,-0.38493204,0.038791895
-0.082474,0.060390435,0.40723914,0.22757773,0.2728163,-0.44515657,-0.28285974,-0.32553193,-0.47690138,-0.40573278,-0.1989327,-0.05614855,-0.108184084,-0.43545905,0.40043128,0.24418859
0.04058956,0.10947393,-0.056598425,0.48144138,0.37460485,0.35283995,-0.24391094,-0.118740894,0.5215403,-0.40865195,0.39616182,-0.4157122,-0.020296693,-0.20156053,0.21182314,-0.44224903
-0.36660334,-0.15096764,0.3857478,-0.3694606,-0.21361458,0.19740555,0.28356174,0.25772664,0.46529874,-0.31073374,-0.3295581,-0.13754846,-0.012356821,-0.19875148,-0.31474853,0.405455
-0.05001314,-0.40867254,0.38988033,-0.101103485,-0.39565885,-0.24120818,0.2066982,-0.1672078,-0.41635814,0.3531071,-0.20367168,-0.08951148,-0.376977,-0.16783024,-0.35974815,-0.30924094
-0.33778873,0.0020668064,0.41363892,-0.4477427,-0.033587407,-0.29959336,0.07159572,-0.3025895,-0.4659808,0.30000824,0.3566343,0.29566458,-0.079679705,-0.24034795,-0.2849469,0.45519063
0.27325702,0.2484063,-0.35969922,-0.36013243,0.098034136,0.40018493,-0.22144848,0.40605426,-0.18528758,0.3155776,0.39389515,-0.35519305,-0.3779886,0.40380222,0.2918946,-0.13545588
-0.27431387,-0.20544714,-0.4719109,0.19826172,-0.29632238,-0.1811325,0.16810279,0.3826283,0.18775958,0.5291096,0.114118144,0.21197924,-0.35055828,-0.0042454177,0.19525386,-0.21906157
0.40809053,0.407586,-0.16264507,0.3947426,-0.46435088,0.41800252,0.36411425,-0.06561469,-0.16800223,-0.3702356,-0.20839947,-0.36807904,-0.15815319,0.2433619,0.15511623,0.12077453
0.24900955,0.051680513,-0.3805348,-0.4078315,0.39184457,-0.3767691,0.31982464,-0.22025087,0.4333926,-0.3071335,-0.06917122,0.17131573,0.22230682,-0.2679287,-0.40536842,0.27650937
-0.09139896,0.2545267,0.31810078,-0.40240955,0.39287245,0.5065975,-0.53191525,-0.08378327,-0.40563762,-0.3445322,0.3853265,-0.10271166,0.023772828,0.27474827,-0.40108597,-0.17678437
-0.30714265,0.36988077,0.0917096,0.16904636,0.032442845,0.4472312,0.29888058,-0.020673078,-0.36885282,-0.37737453,0.40386477,0.33934218,-0.40271255,-0.35871843,-0.3918512,-0.37466076
-0.30594966,-0.3162523,-0.25575286,0.22152781,-0.051614802,0.23267777,-0.11052587,-0.30250192,0.2562104,0.35528132,-0.40911564,-0.44853818,0.23430438,0.015850868,0.21816161,-0.3257998
-0.07565254,0.1062986,-0.44083607,-0.36871755,-0.14346188,0.41003028,0.012120621,-0.11099886,0.084039874,-0.28336263,0.30869937,-0.32171226,0.013618128,0.3809424,0.3012895,0.25707138
-0.06825277,0.1322288,-0.43499082,-0.34832662,-0.15452321,0.40034115,0.03189249,-0.10747722,0.09699797,-0.26644927,0.30973247,-0.3700336,-0.07876998,0.39674369,0.30734834,0.2720167
0.2180368,-0.056303974,-0.22385125,-0.16122629,-0.36670375,-0.34053934,-0.46358424,-0.31121445,-0.05865683,-0.31787857,0.0491843,0.33682564,0.17607738,0.35674754,0.32701978,-0.25787213
-0.32702866,0.06125177,0.411982,0.25252736,0.22737828,0.23047619,0.016504776,0.40725213,0.4253566,0.13804704,-0.07784224,-0.3747476,-0.19144706,-0.2987738,0.1459565,-0.32537302
-0.27452943,-0.38400152,-0.32020628,0.34624097,-0.3003853,-0.25521192,-0.3292065,-0.3205552,-0.16017856,0.13379407,0.20008293,-0.48175076,0.28262076,0.046171688,0.32584372,0.38901395
0.24573694,0.055642396,-0.30801824,0.36915308,-0.363989,-0.2764658,-0.4014514,0.31403694,0.23995332,0.21914478,-0.36004782,-0.14459893,0.19068353,0.3277737,-0.22963342,-0.19077368
0.3960588,-0.22098936,-0.22033578,-0.26892778,-0.24823698,0.3356271,-0.33147937,-0.32514805,0.1256814,-0.24849413,-0.3259464,-0.4473811,-0.030511068,-0.42219052,-0.24093348,-0.30068365
0.08813995,0.110334985,-0.01835782,0.3801755,0.2917821,0.2909691,-0.27348623,-0.09618551,0.4579283,-0.35602584,0.36161307,-0.38588986,-0.0011767247,-0.16164748,0.1851825,-0.40917006
0.007078811,-0.034678496,0.4078016,0.23710543,-0.3563671,0.20215249,-0.30275878,0.37592548,0.4800826,0.05587955,0.4143023,0.2722572,-0.31498954,-0.51134026,0.3921922,-0.03150208
0.36749303,-0.13647848,0.14442475,-0.15351537,0.3545543,-0.2831322,0.24537444,0.23477823,0.48611686,-0.46092147,0.2162131,-0.23793413,0.18152148,-0.24749018,0.12347487,-0.167898
-0.17864464,0.46039495,-0.13470393,-0.35503048,0.41892135,0.056570545,0.3285697,0.029133987,-0.18103857,0.38895753,-0.43586066,-0.16598004,0.11158852,-0.21681903,0.45593023,0.055222146
0.3831576,-0.24924818,-0.34213042,-0.4460405,-0.25247124,0.46503106,-0.10430208,0.06764473,0.2494991,0.3215477,0.38963732,-0.06900943,-0.102363884,0.4364388,0.039279997,0.38487646
0.31971055,-0.39751896,0.0021738221,0.356647,-0.3337562,-0.2859469,0.16764824,0.26454115,-0.46940172,-0.045247074,0.29502004,-0.23758931,-0.25271407,0.08115511,-0.12905222,-0.31047752
0.4457007,-0.1621357,-0.36884585,-0.35732362,0.29860184,0.43297666,-0.39426148,-0.40154114,-0.06753785,-0.010943444,-0.1398784,-0.35828257,-0.40472123,-0.4010517,0.15699768,-0.33834836
0.3661744,-0.2934523,0.42016694,-0.23470011,-0.0153121045,-0.29993245,0.28179622,0.25323904,0.35097477,-0.36916536,-0.53492826,-0.16054125,-0.4796086,-0.24927555,0.29395312,0.32431757
0.15765935,-0.30436686,0.41484997,0.56278443,-0.07201109,-0.07272989,-0.29352552,-0.11782301,0.3310701,0.45019326,-0.014154035,0.40253323,0.42654753,0.09383009,0.37792984,-0.38885412
-0.07332442,0.058182705,0.1557035,-0.3923272,0.43492296,0.3866368,-0.38552696,0.13093601,-0.30383763,-0.13476087,0.47999755,0.31539446,-0.24179061,-0.13985793,0.27922133,-0.2244018
-0.26937765,0.44460648,0.12559982,0.290868,-0.16942818,-0.31695554,-0.04052921,0.24193344,-0.29821077,0.28550205,-0.30759305,-0.08623253,-0.2183767,0.32930776,-0.2849946,-0.030497955
0.37920648,0.085022256,0.25537387,0.26107594,-0.44105005,0.42644945,0.20269933,-0.26265186,-0.2350094,0.029211918,-0.505859,-0.35452738,0.19707942,0.1572699,0.04093406,0.45583433
-0.25523815,-0.18001877,-0.3315593,0.42786413,-0.13076805,-0.32653257,0.1675172,-0.3454825,-0.3837742,0.21446148,-0.04774777,-0.39848307,0.29469952,-0.28597677,-0.119589165,0.34308156
0.034106746,-0.01626187,0.43528265,0.19551656,-0.3838162,0.15857147,-0.29831007,0.3712113,0.49297908,0.03795221,0.43446606,0.25022587,-0.2898785,-0.50637925,0.37493467,0.055825785
-0.012785921,0.32983753,-0.001973391,-0.33963984,0.46210948,0.32194832,-0.01727654,-0.3799549,-0.4169729,0.003683824,0.017738244,0.03834698,0.033761833,0.32439572,-0.45698985,0.0011226888
-0.23551343,-0.3323887,-0.2989283,0.29569265,0.41433144,0.11687026,0.08026971,0.40229198,-0.3511467,0.20678501,0.29036427,-0.046946708,0.47249195,-0.028840449,-0.18132028,-0.30751824
0.31442854,0.30455455,0.36038607,-0.46659625,0.33320168,-0.37410757,-0.11029131,0.3830857,0.3100658,-0.2272256,-0.51337963,-0.23141335,0.03965844,-0.005255196,-0.42892703,0.097072095
0.28729114,0.3155186,0.4212911,0.39391452,0.39036167,-0.31044245,-0.33922866,0.31998634,0.30510685,0.17540197,0.35718632,-0.3807804,0.069034494,-0.27541083,-0.095442005,0.17605364
0.4887857,0.1300251,-0.39555025,-0.39104182,0.07064674,0.4446752,-0.06316091,-0.37044078,-0.045619965,0.20254321,-0.32020628,-0.41879418,-0.47321415,-0.57562655,-0.24659115,-0.012520024
0.054903433,0.35226226,0.4105793,-0.11701198,-0.45969552,0.4684233,0.308047,-0.26412502,0.26959786,0.22125015,0.07895815,0.3066353,0.2632201,-0.24075526,0.058681384,0.3445679
0.21698628,0.09954573,0.13000396,-0.39192516,0.35807377,0.38554087,0.47012264,-0.2003088,-0.33392093,0.39185393,-0.43954724,0.44380808,0.3087928,0.3217053,0.5176013,0.30740076
-0.49066615,-0.36981526,-0.4315542,-0.06727911,-0.21186271,0.2451558,0.39766848,-0.4741259,0.39938608,0.25122005,0.013050081,-0.33456647,-0.06092754,-0.2698192,-0.24135828,-0.24906178
0.07917843,-0.45623472,0.22213104,-0.3057557,-0.35096025,0.16728109,-0.4052523,-0.37575048,-0.13871899,-0.3728758,0.10315987,0.34166208,-0.13662411,0.29656446,0.22887978,-0.3247293
0.28839165,0.30497596,0.15909503,0.23246615,-0.41842422,0.3365225,0.2643781,0.13683596,0.2380841,-0.28304192,0.1652453,-0.28118217,0.32732502,-0.15674843,-0.17310192,0.4256761
0.33285666,0.3002658,0.43106773,0.33923244,0.3932345,-0.34789708,-0.27760968,0.30196366,0.20151877,0.1771645,0.34977123,-0.31209642,0.055911873,-0.25702122,-0.10023767,0.21405284
0.03713479,-0.21106824,-0.51170325,-0.16647515,-0.363611,-0.31933266,-0.013325582,0.5089726,0.4298691,0.42033967,0.28805423,-0.1429322,-0.46838105,-0.23133792,0.2746994,-0.19717294
0.18980102,-0.101391464,-0.19912478,0.15164843,0.14386444,-0.4508016,-0.47645402,-0.46689826,-0.23209703,-0.18761629,-0.26267394,0.39112863,-0.23420067,0.24595128,0.4157944,-0.32973394
-0.268016,0.29680002,0.1912532,0.2796328,-0.2843608,0.47444123,-0.0052852365,0.015451006,-0.213275,0.14307408,0.43327847,0.3978148,-0.4072613,-0.36499956,-0.21289088,0.048115436
-0.20815973,0.20461011,-0.3926989,-0.18106122,0.062719256,0.37782985,0.30642375,-0.30734968,-0.07130683,0.4134869,-0.32362774,0.39250243,-0.22723679,0.37270573,-0.0429042,-0.29044715
-0.29097918,-0.2705813,-0.3907572,-0.15774007,-0.3294487,0.16439898,0.14627819,0.3827998,0.3305866,0.3796741,0.010431475,0.23459736,-0.38858742,-0.07443411,-0.147662,-0.41642755
0.17722884,0.052940678,-0.42755133,-0.051186293,0.054530576,-0.27912328,-0.21786062,0.3870524,0.377941,0.5264043,0.3504499,0.20510232,-0.2923141,-0.2493554,0.29908276,-0.13090688
0.1346295,-0.08668631,0.43923387,0.2065812,-0.13694738,-0.32904837,-0.22073135,-0.24191558,-0.3724799,0.33410916,0.2729602,-0.4115616,-0.30365703,-0.17434233,-0.28506517,-0.3273903
-0.18201873,0.47288302,-0.1955296,-0.3438221,0.43554622,0.086349614,0.3441717,0.025210312,-0.21546282,0.3859344,-0.4653956,-0.14812571,0.13372761,-0.22006735,0.46657443,-0.006161864
-0.16273853,0.20716964,-0.21781774,0.066376716,0.40604663,-0.063215815,0.28703302,0.39858627,-0.34336525,0.23034994,0.16642544,-0.16620329,0.47963706,-0.3081707,-0.23506472,-0.34433615
-0.3763014,0.23555203,-0.2512953,-0.06449924,-0.12258513,0.20122652,-0.40208995,0.4127733,-0.285868,0.43377966,-0.0900528,0.38393125,-0.29986987,0.39169717,-0.03003621,0.31159616
0.4418701,0.18696785,-0.25481424,-0.36037573,0.041398697,0.40415,-0.22159277,0.33200157,0.17110564,-0.24438083,0.40904367,-0.2914309,-0.41003442,0.41161233,0.26992226,0.3640386
-0.39583027,-0.34422532,0.22065218,-0.37237918,0.3083077,-0.18629196,-0.24636583,-0.2975864,0.058738805,-0.33573908,0.24443747,0.37534142,0.17352763,-0.141349,-0.030485962,0.3524487
-0.41760772,-0.39134553,-0.35446942,0.25803623,-0.17057067,-0.22322318,0.32941052,-0.5040077,0.30220738,-0.29716545,-0.3577336,0.042527515,-0.10636786,-0.24544783,-0.22889222,0.0278172
0.46591577,-0.323773,-0.14235066,-0.27797115,-0.40906557,-0.51396406,-0.06108528,-0.19666223,-0.2536787,-0.1608719,0.28569433,0.45464846,0.118002295,-0.16415203,-0.16980729,0.03232279
-0.28400975,0.19898339,-0.3431619,-0.29118916,0.043186005,0.38832006,0.16518484,-0.27721688,-0.23432235,0.3652545,-0.4197144,0.24264577,-0.32181445,0.39996597,0.4967091,-0.3241466
0.39530787,0.054549005,0.40335402,-0.3579989,0.2289993,0.46265587,-0.3746315,-0.3136976,-0.2763717,-0.19133718,0.4273296,0.14265363,0.12473276,0.28105882,-0.30129737,0.034788292
0.29497567,0.4419247,0.40837288,-0.2950798,0.32858804,0.12553,-0.28197074,-0.37863025,-0.20043151,0.4187494,-0.21427593,0.21605869,0.4186818,-0.3442914,-0.3171554,-0.3703187
-0.25049597,-0.17556895,-0.48336765,-0.22778255,-0.3043969,0.12210554,-0.11275973,-0.01843826,0.50331974,0.5469893,0.086758755,0.44153368,-0.38766232,-0.28677812,0.1023287,-0.4283086
-0.044833735,-0.37728912,0.35689542,-0.41970107,0.27384636,-0.34262994,0.05199796,0.08876535,-0.4264663,-0.4859452,0.030169263,0.314511,0.38990015,-0.38625386,-0.10995252,0.50975674
0.24573709,0.01461348,-0.38953814,-0.39947414,0.398377,-0.38522345,0.30734608,-0.21674198,0.40942803,-0.33564717,-0.05410235,0.25548515,0.23617822,-0.28607523,-0.42514828,0.22288159
-0.36552444,0.3425757,0.28779465,-0.023563586,0.19453427,0.32355824,-0.29089773,0.3499159,0.39373228,-0.44344795,0.03143798,0.39846534,0.16744787,0.35675845,0.4129009,-0.40179953
0.26226762,-0.07894408,0.30570987,-0.43182188,0.48884055,0.3581599,0.1331173,-0.36858112,-0.007853214,-0.2630527,0.44036877,-0.2850055,0.28095293,-0.118163325,-0.27481583,0.35869002
-0.16510846,0.09009085,0.43455303,0.24751209,0.24940784,-0.44613186,-0.25179678,-0.38354525,-0.48926058,-0.40979406,-0.26701602,-0.04748745,-0.17912138,-0.44192418,0.41171846,0.31343544
0.33269447,0.064569406,0.5064695,0.15867661,0.37180582,-0.019843204,0.17513111,-0.1897025,0.42875293,0.015827589,0.28152552,-0.2920906,0.018257702,0.117483296,0.40110222,0.12633146
-0.34700638,0.2537064,-0.21127397,-0.30147842,-0.05626043,0.35803127,-0.22151417,0.17389596,-0.38352048,0.34354922,-0.042668857,0.3831977,-0.3149419,0.3930509,0.29420516,0.27770808
-0.1202425,-0.3819766,-0.36042392,-0.24380636,0.2957082,-0.21859156,0.24167034,-0.45516238,-0.10526795,-0.3588217,0.09520764,-0.34246632,-0.34546542,0.34185857,0.16942751,-0.35181162
-0.22067274,-0.32185176,-0.29143068,0.28942195,0.39224842,0.10867183,0.11547399,0.425057,-0.34858847,0.187685,0.2837597,-0.05484822,0.4638807,-0.04670534,-0.14428523,-0.2778473
0.20048776,0.2808618,-0.3469364,-0.29895893,-0.24619609,0.30384624,0.2491528,-0.3805871,-0.2402896,0.36151427,-0.4238987,0.26741323,-0.15558973,0.25254542,0.37493634,-0.113807
0.20593308,-0.022059714,0.18287508,0.5362537,0.17550832,0.3379385,-0.37350345,-0.20429425,-0.35772747,0.06541765,-0.37402686,0.3396101,0.36323062,0.5106186,0.068998575,-0.238784
-0.39589143,-0.42432708,0.41756156,-0.3695948,0.21120463,-0.3735244,-0.005144498,-0.36969298,-0.3157616,0.0029581776,0.32090327,-0.10717665,-0.25151476,-0.344785,0.35086063,0.44930455
0.12101009,0.27940458,-0.30992225,-0.359138,0.265447,-0.27412817,-0.030727517,0.33257023,-0.09409867,0.018917976,-0.13321197,0.4248702,0.44255322,0.24659713,0.46105668,0.15129453
-0.33758268,0.036204137,0.38784802,0.27088943,0.20867285,0.26780382,0.077067494,0.39384052,0.42648116,0.11197948,-0.071726546,-0.40680695,-0.21070676,-0.26824543,0.18003094,-0.2691967
0.4635106,0.12044835,0.3688413,-0.24698724,-0.3547066,-0.028951855,0.36853468,-0.13306531,0.41050848,-0.14782144,-0.19595222,-0.16013205,0.15095544,0.41390085,0.31969613,0.16637863
-0.21706954,-0.24834906,0.5034813,0.10751879,0.0242903,-0.48256046,0.19780515,0.5096101,0.41475958,0.05703244,0.3979434,-0.32526457,0.11553189,-0.27927586,-0.11309054,-0.29557076
-0.31925136,0.35249364,0.10957265,0.345743,-0.32897437,0.42711213,0.34864354,-0.2895947,-0.098115504,-0.20132633,0.34528306,0.3253149,-0.3868676,-0.24098192,-0.30145335,-0.013961151
-0.28110176,-0.33056927,-0.3394412,0.41417047,-0.3839407,0.060497053,-0.15546218,0.33525577,-0.3378527,-0.14728814,0.3393048,-0.3041895,0.16995616,0.11090266,-0.16113189,-0.099268384
0.21988544,-0.21738212,-0.06425284,-0.2514249,0.49291816,0.37608367,-0.40364462,-0.06450947,-0.39390302,-0.31950438,0.46380576,0.08348461,0.30233166,-0.2852166,-0.4493468,-0.20777684
-0.26155177,0.054287292,-0.3783057,0.22678389,-0.054829746,-0.27149042,0.31350812,0.22435598,0.17403303,0.52700156,0.34525648,0.24473941,-0.45792505,-0.010342267,0.12682246,-0.41924104
0.30332798,0.4493263,0.41388214,-0.29922232,0.3390176,0.1414264,-0.2909526,-0.37958565,-0.22006316,0.4226648,-0.22039744,0.2263171,0.43787402,-0.35812908,-0.32580057,-0.3800269
0.08691862,-0.21704254,-0.08175964,0.051822793,-0.070438735,-0.17697465,0.3578533,0.49767917,-0.17566885,-0.335343,-0.2521913,-0.06673882,0.27662438,-0.10320263,0.4869953,0.22829257
-0.23780666,0.15050739,-0.3911673,-0.11266675,0.088279985,0.37312028,0.3332642,-0.3132062,-0.078998044,0.38613784,-0.32011554,0.3109094,-0.28127638,0.37216443,0.013167491,-0.33625856
0.43671873,-0.21265993,-0.23547722,-0.27177882,-0.19640887,0.36866826,-0.33018178,-0.3287886,0.12422939,-0.20305516,-0.3186353,-0.43487164,-0.09589266,-0.44506082,-0.21010053,-0.3030907
-0.39947885,-0.43327397,0.42302236,-0.3906024,0.22434215,-0.37218928,-0.040691547,-0.36981556,-0.33719447,-0.006806915,0.2847926,-0.14422657,-0.24796917,-0.3983305,0.32353145,0.48027053
-0.054111183,0.27249914,-0.22834642,0.48848286,-0.099702835,-0.24085411,-0.33242646,0.39768714,0.15730606,0.14882345,-0.42959088,0.24281885,0.115923814,0.32544398,-0.36162457,0.27362335
-0.30363402,-0.33047125,-0.3048081,0.40170828,-0.3662297,0.050386228,-0.16729271,0.36706507,-0.34557357,-0.11315662,0.36120963,-0.31640425,0.19285841,0.112482175,-0.15111507,-0.07469469
0.16245462,-0.24988915,-0.0812365,0.47106722,0.25394502,0.32277876,-0.23155327,0.21804775,-0.36083204,0.3718279,0.21409397,0.31733292,0.4120147,0.3949802,-0.018894017,-0.24819203
-0.4136789,-0.047757443,-0.22159359,0.414854,0.20605166,-0.39161113,0.33494928,0.3740422,-0.27772343,-0.36922592,-0.3860408,0.39664084,0.24617976,0.34800175,0.2635014,0.01977921
-0.35504764,-0.12669015,0.12059195,0.3156097,0.23546112,-0.35529143,0.2906823,-0.2975675,0.090166576,0.15208699,0.31103545,-0.37147328,0.49388582,0.3750879,-0.35707664,0.050330505
-0.16797033,0.2586987,0.36090544,-0.2930056,-0.53634924,-0.019793974,-0.29972652,0.28688717,-0.32438,0.26257053,0.0962132,0.21469867,-0.19189602,-0.22468343,0.42562762,0.41724807
-0.33373982,0.062246006,0.49989116,-0.24927486,-0.10662932,-0.31428564,-0.33259585,-0.025301168,0.15430596,-0.34887865,-0.27120897,-0.30624136,0.18264595,-0.3929666,0.22488283,-0.2803787
-0.32267907,-0.17188044,-0.39003327,0.30773285,-0.32864833,-0.10349706,0.26363155,0.318017,0.38102338,0.35473976,0.03159267,-0.13569233,-0.3411297,0.201096,0.27962124,0.14178921
-0.14468455,0.24309169,0.04655977,-0.40041625,0.20081832,0.367933,-0.4235351,-0.12801227,-0.28781438,0.13536914,0.42319745,-0.17264803,0.21546525,0.13195325,-0.34137148,0.2260698
-0.20733458,-0.25959358,0.29342917,0.07589308,0.21322009,0.22526374,-0.016934555,0.46979874,0.40532944,-0.43743384,-0.19581757,-0.083491094,-0.31674987,0.3073269,-0.38473198,0.36647326
-0.3886878,-0.08210234,0.45811328,-0.439468,-0.0053291162,-0.23677848,0.0207258,-0.2851824,-0.4497274,0.30519414,0.3498883,0.30357847,-0.054958727,-0.22882876,-0.2855053,0.47238275
-0.4857319,-0.3079948,0.14974333,-0.04255663,-0.08921177,-0.37824097,-0.16913079,0.022966605,-0.41204855,-0.3492549,0.21452358,0.36871248,0.12838367,-0.5239972,0.272954,0.37535328
-0.13575618,0.34742746,0.1745716,-0.26095572,-0.54288435,0.1476672,-0.20899248,0.40089244,-0.34476194,0.42607868,-0.06595,0.22824886,-0.21927178,-0.1712637,0.46335155,0.23271848
0.25476447,-0.2951337,-0.17164318,-0.24724667,0.4754444,0.38366157,-0.38975632,-0.04233902,-0.43314385,-0.29061663,0.48156232,0.09995141,0.2920657,-0.29680577,-0.46025404,-0.16474633
